Label,SiO2(wt%),K2O(wt%),Na2O(wt%)
[3],66.88,4.08,3.53
[3],67.52,4.19,3.47
[3],67.42,4.12,3.57
[3],66.57,4,3.74
[3],66.75,4.22,3.55
[3],66.87,4.04,3.63
[3],66.07,4.18,3.76
[3],66.79,3.92,3.61
[4],70.22,2.86,4.13
[4],67.99,4.56,3.07
[4],68.24,2.69,4.33
[4],71.42,4,3.67
[4],73.37,4.36,3.53
[4],73.64,4.7,3.29
[4],70.25,3.06,3.95
[5],69.48,3.27,3.91
[5],69.8,3.35,3.83
[5],69.66,3.01,3.76
[5],70.69,3.14,3.66
[5],69.47,3.03,3.79
[5],69.56,2.95,3.7
[5],69.36,3.29,3.44
[5],68.86,3.1,3.73
[6],66.84,4.05,3.65
[6],66.34,4.2,3.42
[6],67.8,4.34,3.63
[6],67.6,4.14,3.66
[6],66.18,3.83,3.73
[6],66.08,3.65,3.7
[6],66.92,3.9,3.74
[7],70.79,3.24,0.29
[7],65.3,3.24,0.33
[7],68.87,3.04,0.24
[7],66.22,3.27,0.34
[7],65.5,3.92,0.2
[11],58.19,0.76,5.65
[11],61.08,3.2,6.31
[11],58.27,1.92,4.84
[12],76.22,5.49,3.55
[12],75.75,5.74,3.44
[12],77.21,4.52,3.86
[12],75.3,4.81,3.74
[12],75.5,4.37,4.13
[12],75.57,4.13,4.11
[12],75.1,4.42,4.41
[12],74.42,4.13,4.95
[12],75.22,4.64,4.63
[19]-A,77.7,4.42,3.1
[19]-A,77.58,4.86,3.5
[19]-A,77.55,4.94,3.49
[19]-A,77.38,5.68,2.86
[19]-A,77.21,4.96,3.46
[19]-A,77.12,4.25,3.67
[19]-A,77.06,5.52,3.23
[19]-A,76.98,5.18,2.51
[19]-A,76.86,3.26,4.16
[19]-A,76.32,5.1,3.79
[19]-A,75.9,4.29,4.27
[19]-A,74.74,5.08,4.25
[19]-A,74.33,4.71,3.89
[19]-A,74.16,4.39,0.6
[19]-A,73.91,4.4,3.63
[19]-A,73.52,4.9,4.64
[19]-A,72.41,3.68,4.68
[19]-A,71.74,3.58,4.68
[19]-A,71.66,4.16,5.17
[19]-A,71.17,2.73,5.89
[19]-A,70.76,4.01,4.59
[19]-A,70.24,4.81,4.94
[19]-A,70.23,5.49,3.67
[19]-A,69.61,4.12,4.04
[19]-A,69.22,6.18,4.5
[19]-A,76.83,4.3,3.12
[19]-A,70.14,3.85,4.71
[19]-A,77.08,3.48,4.18
[19]-A,76.27,4.06,3.79
[19]-A,75.85,4.73,2.74
[19]-A,75.81,4.56,4.29
[19]-A,74.21,4.62,4.55
[19]-A,73.94,5.52,3.63
[19]-A,71.04,4.5,4.73
[19]-A,70.82,4,4.65
[19]-A,70.62,3.66,4.44
[19]-A,70.44,5.21,4.51
[19]-A,69.56,4.35,4.73
[19]-A,69.51,4.09,5.06
[19]-A,68.42,3.74,4.27
[19]-A,67.98,3.85,3.82
[19]-A,67.49,3.65,4.42
[19]-A,66.7,4.24,4.08
[19]-B,58.37,3.17,3.99
[19]-B,57.23,2.35,4.13
[19]-B,54.6,2.41,4.13
[19]-B,53.64,2.34,3.56
[19]-B,53.01,2.4,3.94
[19]-B,52.25,1.7,3.59
[19]-B,50.29,1.64,3.61
[19]-B,48.66,1.57,3.14
[19]-B,59.72,1.3,6.02
[19]-B,58.02,2.7,4.63
[19]-B,56.9,2.65,3.37
[19]-B,56.13,1.16,3.93
[19]-B,55.72,1.8,3.5
[19]-B,54.38,2.65,4.33
[19]-B,53.78,1.95,3.92
[19]-B,74.35,3.67,3.8
[19]-B,59.73,1.5,4.93
[19]-B,59.67,3.26,2.97
[19]-B,59.6,2.25,6.01
[19]-B,54.53,2.07,3.86
[19]-B,60.04,3.51,3.17
[19]-B,57.5,2.65,4.5
[19]-B,57.5,3.2,3.7
[19]-B,56.54,3.3,3.87
[19]-B,56.06,2.3,4.76
[19]-B,56,2.5,4.69
[19]-B,55.6,3.47,4.24
[19]-B,55.13,2.91,3.9
[19]-B,53.8,3.05,3.35
[19]-B,52.46,2.15,3.3
[19]-B,51.76,3.13,4.15
[19]-B,54.97,2.57,3.8
[20]-A,48.17,0.72,1.88
[20]-A,50.56,0.77,2.44
[20]-A,47.44,0.73,2.29
[20]-A,49.15,1.38,2.59
[20]-A,47.92,0.71,3.04
[20]-A,54.77,1.91,2.57
[20]-A,50.93,0.84,2.75
[20]-A,49.73,0.81,2.85
[20]-A,45.62,1.37,2.46
[20]-A,47.52,0.71,2.22
[20]-A,46.88,0.48,2.63
[20]-A,48.24,1.04,2.43
[20]-A,47.35,0.69,1.93
[20]-A,48.28,0.04,1.92
[20]-A,46.84,1.06,1.87
[20]-A,46.24,1.89,1.3
[20]-A,47.89,0.69,1.96
[20]-A,51.93,1.15,2.54
[20]-B,49.9,0.4,1.99
[20]-B,49.6,0.39,1.92
[20]-B,50,0.45,2.13
[20]-B,49.6,0.47,2.04
[20]-B,50.4,0.5,2.38
[20]-B,50.8,0.69,2.3
[20]-B,48.5,1.16,2.61
[20]-B,49.4,0.77,2.34
